Architecture,Science Score,Cost,Duty Cycle Violation,Instrument Orbit Assignment Violation,Interference Violation,Packing Efficiency Violation,Spacecraft Mass Violation,Instrument Synergy Violation
111110000011101001110101011010000101110000000011000011101101,0.09842841010388359,15771.453182784642,0.6413153571219314,0.0,0.84,0.015910227913671415,0.2815600441143694,0.82
000110011111111111000110011110100111001110001101111000000001,0.07282578272295313,18749.087991558736,0.7362405000672012,0.011111111111111112,0.9,0.0,0.36176988532700066,0.82
001011101000100000101010100100010101110011010110001000000100,0.1103357485399552,11787.10137132047,0.4608155867127037,0.011111111111111112,0.88,0.0,0.1286626319356973,0.9
010011010010100000111010101010110110000000101010010100011010,0.11293067078533889,14962.84187610481,0.4941867027197673,0.011111111111111112,1.0,0.032630486306529205,0.2132594350193492,0.96
000101111000010000000011000011111000000000000111011110001110,0.11063715860129686,11747.414495639108,0.45867695560870736,0.0,0.9,0.056404184055746154,0.15183307380621391,0.62
001101100110110110000101010110100111111001101111100000011110,0.09849272215845822,17283.351555390364,0.598944017937306,0.016666666666666666,1.22,0.030309010011796783,0.31984303014243304,0.94
101101010011101100101101100011000000110110010101111001000000,0.12404211527347886,15186.932067683261,0.5424851609997029,0.005555555555555556,1.04,0.0013042898811677361,0.22686391843309367,0.68
000011111101110000001001011001100011101010100110011110000010,0.12963501608464717,14250.069016381189,0.42881306499753447,0.011111111111111112,0.76,0.017944796506336402,0.2163831995380776,1.02
101110110110001111100000111101101010101010000000110111101110,0.06075760377097768,17004.506095496006,0.7591009578830521,0.005555555555555556,0.84,0.0013017143873934045,0.31268955067183857,1.26
001011111110100000011010001011000001001011010011101111001100,0.08501598714375427,14541.909044370113,0.6183518447366506,0.011111111111111112,0.8,0.005246611294067061,0.23337599589983063,0.72
010110000001000001110110011011101010000101001100011101000101,0.09284356168678853,14698.378530297494,0.6848634358420503,0.011111111111111112,0.9,0.0,0.20062791402660402,0.84
011110100101010010011011010001111101110000101110010101111100,0.11776033244322666,16713.809306050738,0.5042029516189517,0.011111111111111112,0.7,0.024078120394709496,0.31867436347145045,1.4
111101100010011010010101011100101100000111101011101110100011,0.09404863448405991,17481.787758499064,0.6736350997907227,0.022222222222222223,1.1,0.0183082953025967,0.35877840675722905,1.1
000101011111011010100000100011101110110111110001110000111010,0.11504644459042358,16029.324258864977,0.5966112986611696,0.016666666666666666,0.78,0.0,0.27888946166686024,0.8
011100101011010010100010001100100000110101010000010010001000,0.10343333423316585,11254.216896838714,0.41633215139367524,0.005555555555555556,0.76,0.0,0.1532355949717657,0.96
000001011100110001111111101011101010000110110110111010010100,0.07627769582988445,18601.336049983598,0.7283636304161212,0.011111111111111112,1.18,0.0,0.335037398066058,0.56
111000010100001111111110011001111000110101000000011101010100,0.041801471307360186,17008.3183151946,0.7542346266306426,0.005555555555555556,1.14,0.0321021141441917,0.30279467428941975,1.0
000100000111001110011010011100110000001001000010010100011010,0.1673818405112545,14638.090661905648,0.5231338230380653,0.005555555555555556,1.02,0.0,0.2153591592974676,0.7
101110010001110010010011010110001010000011000111001111110000,0.07855609628151106,15353.366727104258,0.6639516396537183,0.011111111111111112,1.06,0.007507581652772294,0.2875818186983038,0.94
000011001111100111111101101001000011000011111100100100000100,0.046705949880940525,17748.290068390485,0.7904075883995144,0.022222222222222223,1.06,0.010245979307244801,0.2929220833595462,0.6
100111010100100011000100100101001100111000100001100110111000,0.18036503687446598,12798.872946498714,0.4583032827226269,0.005555555555555556,1.0,0.0,0.19411965812908183,1.18
001000111100101110011111000011000001110000000111010010110110,0.08304037554870422,14772.795621858288,0.6757130889642559,0.0,0.9,0.0,0.19324143572776295,0.54
100111011110111000100101000100110101010000101111100010010001,0.1152155364323888,14723.025883246497,0.5235534047917136,0.011111111111111112,0.76,0.009322419794870668,0.21682848940271365,1.2
001111010100011101100101101101100011001001000001100000011010,0.07663064572376804,14942.882037358972,0.6659573787075163,0.005555555555555556,1.16,0.01578202989882302,0.19023549219134553,0.82
110111101111111010011110101000111000111001101110011011100010,0.1444178348972512,19745.73474483308,0.4922768033968169,0.016666666666666666,1.08,0.0,0.4148726460751867,1.26
011101000011101011011001001110011100011101010101110010110110,0.08876596912294789,18072.710542049514,0.7187092122795945,0.005555555555555556,1.12,0.031990767107777596,0.32975111735115364,1.44
011010011010010010100000110100111001001101110101110101110001,0.1008066532874852,14048.472972599788,0.662410345150158,0.011111111111111112,0.6,0.022450299245370703,0.19712071453347807,1.54
010001100000011101111111001001011001000110001111101000011111,0.06168284843692336,17633.698972781836,0.7647585015447865,0.011111111111111112,1.1,0.020319227757259584,0.3291334053341173,0.76
100111110101010101111111110000101110010000000101011100110000,0.08166044485491597,17245.78317158664,0.6217884810041779,0.0,0.64,0.02153015158334856,0.3085173821910852,1.28
100010010001001111001000011111101000011111101111011000111110,0.10688510060812428,17891.54217283988,0.6764232324755499,0.022222222222222223,0.92,0.020373331338807338,0.33025617059325507,1.06
001100001110101011000111010001110101110011011110000110010010,0.10331294168923649,16623.396259115038,0.6289051965346664,0.016666666666666666,1.22,0.0,0.29455511666477685,1.38
101111011000001001010010011110001111011010010111101000110001,0.08163150011801718,14653.056383526575,0.6932164108631781,0.005555555555555556,0.6,0.03815339000243698,0.22446480905398344,0.9
101000110110010011010001111110000100011111011011101111011000,0.0813195270116431,16735.636946508515,0.7375881145641394,0.016666666666666666,0.88,0.0,0.30754485818109234,1.0
010000110000100100011100100100110010100101011011010000101010,0.1371635358638312,12875.593691382808,0.540981559988291,0.011111111111111112,0.84,0.03535966588564357,0.14345924535093252,0.62
110110101000100110010011001111111011100010111010110101111011,0.07504060701484339,18394.860318683248,0.7355431562019528,0.016666666666666666,0.94,0.0,0.36356333751852354,1.04
100010111100001101100100000100100111001101001011001111111101,0.09801788351312851,14101.243181103364,0.6418289887509531,0.011111111111111112,0.48,0.039461237837570856,0.23553959388993073,0.92
111011010010100101011010110010001010110101101101000011001100,0.1289672478674308,16131.921933951442,0.5166371169807914,0.016666666666666666,1.6,0.0,0.24419411048400833,0.84
101101011110111100011010010101011011110000111000010000111010,0.16121505654192964,16974.457345613046,0.520402446592625,0.011111111111111112,1.56,0.0,0.3127140734275959,1.4
110100111111010100110100011011101011110000010100001111000110,0.17343023332310814,16755.236974286552,0.5813780488662502,0.0,0.9,0.0,0.28579664970876817,1.36
001111100010001010111100101100001110101100111101010001100101,0.08976259516782058,15691.564266454592,0.6930097035162174,0.011111111111111112,1.12,0.0,0.23278777216360816,1.36
111001010010001001011111100010011001101001010010000010000000,0.10015315879787016,13801.394698918903,0.5008949898158999,0.005555555555555556,0.8,0.010616890050164807,0.1529298358541273,0.8
111110101010100111011110111111000000111010101101101000011000,0.06594811637842721,19537.246867815207,0.7775641503668707,0.016666666666666666,1.38,0.0,0.3429004876627897,0.74
101001010101001001111111100001010100011011001111011100111000,0.07974064541676487,17106.702816177614,0.7126781261614112,0.016666666666666666,1.24,0.012288559140897548,0.29666498310456346,1.14
100111101000000111101011100000111100011110010001110011011110,0.09180749407620908,15895.180834492257,0.6898057396067163,0.005555555555555556,0.7,0.0016822660120895672,0.2510924476178097,0.66
011101101110101001101010101011110010010000110110010011101100,0.09116545123150208,17362.971576752727,0.6694457373850317,0.005555555555555556,1.1,0.03281994379179204,0.3287739054849115,1.56
100101100111000100000101011010111011100100000001000011000100,0.1361390706080774,12781.732064514475,0.38156356440462763,0.0,0.88,0.0068195863976483195,0.1872011507091753,0.92
010100001111010001100110101111010101011110110111001110110011,0.09418555472269698,18461.92320702947,0.6687930222593843,0.011111111111111112,1.1,0.03346915154352015,0.39522153297112245,0.96
110110100010000000110001001011010111100010100001100111011111,0.12231098374943755,14173.566452451725,0.5430676013137116,0.011111111111111112,0.58,0.010737534739856835,0.19912203446942625,0.76
100110001000100011101010110000011100100110100011000010100101,0.11550847916300322,13551.666098670334,0.5556651602476057,0.011111111111111112,1.14,0.0,0.16013418122486267,1.04
010000000011001011011011110001110101101111111100111110100010,0.09189081059098145,18009.437701644496,0.7199725580507469,0.022222222222222223,1.06,0.0,0.3534982485672863,0.76
010001110101111111001101011001011001000100011000010010011000,0.07698666216113215,17391.748424593916,0.628378683793857,0.005555555555555556,1.38,0.043090521936336834,0.28006987927260735,0.86
110000101110001100011111111101010010100001001100100011011110,0.10638390477678389,18675.52975570718,0.6291761302210374,0.011111111111111112,1.28,0.02062468796036407,0.3664114900599989,0.88
010011101010110100010010111100000001111001011001001111111100,0.09867525330807647,16022.012179121162,0.5996969665324485,0.011111111111111112,0.98,0.014515995426983314,0.29800064282391786,0.92
011110011000110110111111100111010000100101100011001011110010,0.058453464336052176,18301.513853837663,0.7628056308795065,0.011111111111111112,1.16,0.01840837707495438,0.37253770791680624,0.98
101011100101000010000011000111010001110011110110101010000001,0.09872797967050005,13176.679862573748,0.6059879164315374,0.016666666666666666,0.72,0.02371453473614968,0.13601535747942425,0.98
000110001110110101111111011000000111110111100110110011110010,0.06272090497124586,18431.107761695966,0.7692790439782834,0.016666666666666666,1.4,0.0,0.3322870184198493,1.0
010010110010101110010011110010101001101110111011100100111001,0.07832893776722089,17331.11765537001,0.7271975391934287,0.016666666666666666,1.24,0.0,0.308781182242235,1.18
000111110111111000000101100010010111000000100101001110011100,0.13228543701381623,15770.902297774031,0.31873476543637763,0.005555555555555556,0.8,0.030308089709285446,0.3130246763647849,1.16
000011010011100100111001001100011110100111110110101101100001,0.08010856549186594,16677.276712091287,0.7026524105371389,0.016666666666666666,1.04,0.018990714466561504,0.3079190923447454,1.12
010000011100110101111100110011001101111100010000011111000100,0.10990934173616937,15598.88348871098,0.617694882153832,0.0,0.88,0.028379903355797625,0.2608020234490574,0.74
110011100100110011100010101100110111001010000010100111000010,0.09375256263880756,14658.130515280329,0.49626357402210725,0.005555555555555556,0.86,0.02736418177076544,0.2228905855294921,0.98
010000001000011110101111110111011001100001010000101010001100,0.08556820015272926,17238.445410381384,0.6213151557324536,0.005555555555555556,1.1,0.028379903355797625,0.33327853126995716,0.84
111111110101010010100011010011100111110111011001110011100110,0.0983288349924588,16849.24179021036,0.6767366967181989,0.016666666666666666,1.36,0.02155406670726806,0.2896055671712746,1.14
001100111100010111110101110100010010111000010101111100011001,0.054789239804004845,16079.602598242525,0.787154196924463,0.0,1.04,0.004422362091009546,0.23982063617207597,0.9
110000101110110110001101010001110111110110000010111110111111,0.1720707594683184,17785.92700529934,0.554486319152926,0.005555555555555556,1.38,0.018462183551616745,0.3465823755362146,1.36
110110011100000010101001010000101111000001000000010100101110,0.16632012559262885,11043.677175860976,0.4512963079251976,0.005555555555555556,0.62,0.0,0.11630809943635483,0.56
010000111000001001111011010011010001110000100011110010010011,0.1163081607915164,13989.248190403361,0.6272077657826591,0.005555555555555556,1.0,0.0131922938441221,0.19367678303715388,0.48
011001110111000011111010110100101000110000100101011011000110,0.06579590603125691,16573.05828421989,0.7321208425037056,0.005555555555555556,1.12,0.0,0.23258405496270088,0.9
110110011111000011000011001011101001001111010110110110000001,0.08804723827601132,15326.350749977468,0.688937127464421,0.011111111111111112,1.02,0.0,0.22529610355012872,1.18
000111001011100010010100111000000011110001000111000110001010,0.16176895225711893,13585.352072052869,0.4856315698690003,0.005555555555555556,1.26,0.0,0.14475078814946785,1.2
010111011011100000001100011001000000000011110110011000100110,0.11329426895300952,14263.819545455233,0.5001419979535713,0.016666666666666666,1.1,0.0,0.20903975999761296,0.78
010010100100011010110111011100110010010100000100011001110111,0.09492013520821882,16019.514938016335,0.6417060503691514,0.0,0.94,0.006699681831775023,0.2987898214240534,0.66
010001010001000100101011000001011011101100000010001001010111,0.16570295268871177,12485.261952216755,0.38980464402792625,0.0,0.58,0.02713206269442342,0.11466407269448038,0.66
100110011000100011011001011111011001011110111000011111111111,0.07086249248051002,19016.89361176741,0.72733371862267,0.016666666666666666,1.02,0.03294860372128125,0.4086184183320804,0.92
101001110001110110010100010110000010101110101100001011101010,0.09512582323214061,15176.052991445624,0.6436990013976189,0.016666666666666666,0.82,0.026001603168389648,0.26800923700460705,0.98
111110001111011100001100011110010001001101011001101011110011,0.09791305735507429,17838.021616075745,0.6183503736070577,0.011111111111111112,1.18,0.0,0.35241574610251203,0.86
111000011001010110100001101100101010111001011111001111111001,0.10627764966846096,16522.65577619923,0.6525342877463507,0.011111111111111112,1.16,0.0,0.32234582961556535,1.2
010100101000110111001010101111010010101011111001010000000100,0.06373079554968085,16373.81946354202,0.7253120322034194,0.022222222222222223,1.0,0.0,0.22949455496115564,0.66
011111111000001110101101011101011111011011010111100000010110,0.09186135636821846,18569.44535846905,0.6885471402621631,0.011111111111111112,1.16,0.0038018757760941158,0.3103200316534841,1.04
110111000100110000011111111100011001110101101001011111000011,0.10557667018779766,18049.33540770579,0.5249716189784273,0.016666666666666666,0.96,0.047072983383586564,0.3775173261091386,1.56
101011100111111111111000001001011110010010100011000100000001,0.04367804672386952,17600.263813497004,0.763912758049324,0.011111111111111112,0.78,0.024057317076481732,0.3096108914111239,1.08
000101111001011011110111110011001001000001101001101010110000,0.09574093956533405,17474.83190777437,0.7109429141425911,0.016666666666666666,1.36,0.003577868941347706,0.3462031778684865,0.76
111011001110011000110001010010111001111101001000100011111101,0.1996034392778802,15359.643215105722,0.4223978082067634,0.011111111111111112,1.02,0.005977784415790388,0.24507836055365737,1.54
110100111100011110111010011111010110010110010111111110010111,0.06252234928586528,20143.152053524205,0.7960509485414077,0.005555555555555556,1.06,0.00853240615346873,0.4208113303805259,1.2
000001001000101110001000000110011010000010000011101100011011,0.14856053220813803,11887.021077828973,0.5378908663909728,0.005555555555555556,0.66,0.00768675120391582,0.14105895458935733,0.62
110001100111001100100110011111000010110001110110100100111000,0.08808251292687304,16992.137359147087,0.6568247450777177,0.011111111111111112,1.06,0.0,0.27296173654446654,0.68
111111001010110100000010100010110001100010101100000110000011,0.15162492695124918,12839.318480263964,0.37975754802417516,0.016666666666666666,0.94,0.016099762179414945,0.18333068279949452,1.14
000011111100101111110010111000011110101001110011101101000101,0.05593572851539416,17638.55940056812,0.7881545220826841,0.011111111111111112,1.18,0.0,0.29617754046441935,0.8
101110001001100100110000000101110001011000000010101000011010,0.11906151219802551,11533.572476062041,0.5607228956838759,0.0,0.12,0.0,0.06789229791569906,1.24
101110001110011000110100110011101111110110001000110000000011,0.12475303072090757,14054.899331851047,0.4395487800931515,0.011111111111111112,1.4,0.06719884216064542,0.26010585487379984,0.76
001110101101101101100011010110101001000101000110111000000101,0.08379337859234746,15757.417916508466,0.6873725424134547,0.005555555555555556,1.2,0.0,0.19731111067560606,1.34
110110110001011001110000000001110010000111101111011110100011,0.08294634969641798,14463.36019421252,0.6912448773905531,0.022222222222222223,0.4,0.0,0.17761142790189707,0.88
111101111100000000110010110100110101111011101011010000011011,0.08912200087901664,14999.581055745635,0.6778529603255915,0.022222222222222223,0.68,0.05584641173550586,0.17695082531134804,0.46
000101110000110000100110110110100001011010000101010101010101,0.14652987024871117,13896.588183077436,0.5033217601427706,0.005555555555555556,0.84,0.0,0.19948586912960944,0.88
110000100100000101100100010001110000000001000101011111100110,0.08872276913153421,11574.150299215375,0.6417452188063815,0.005555555555555556,0.44,0.047085371728524006,0.12436103793657136,0.42
000011111101110001101100001100000001111110101000011100000110,0.0715119495037177,14404.794552943078,0.5649512404570132,0.016666666666666666,0.92,0.0037346560406466833,0.21296536488360546,0.52
000111011001001100101111000110110110010010010011000111101101,0.15712038444729307,17118.844035223734,0.5395888247704078,0.005555555555555556,0.94,0.0,0.3486541920937753,1.02
001000111110011100001011101001000000101011010010001011101111,0.12185501284706468,15803.412341607198,0.4972201698964433,0.011111111111111112,1.2,0.0,0.32054428538568713,0.8
100101111111110011001000100110010101010000001010010100000110,0.09870494652180352,14988.823580920296,0.5188793827568691,0.005555555555555556,0.78,0.01667469335129193,0.23730083083517273,0.9
101000011010101110100111010101011111111000111110001111110111,0.0776303832927,20185.833088963176,0.7130954233527116,0.011111111111111112,1.38,0.021117961563179827,0.4356224089196532,1.14
000100111010110100110110100111111010101111101110101101000111,0.0840783612844751,19470.295459891335,0.7270003312124449,0.022222222222222223,1.26,0.023023873386421395,0.4120560301684259,1.08
111111000100010000110101110101101111100010111100111000110000,0.12482262152903759,15854.825792317619,0.5684639136683585,0.016666666666666666,0.98,0.0,0.2564268378520488,0.82
111001110101101010011110000100111100011100110011111001110100,0.14028437345558314,17403.434195722308,0.5777902726551389,0.005555555555555556,1.52,0.018327731309212225,0.298884317005917,1.5
111111011100110001110101111111010011101110110011011010100001,0.07997565296159445,18708.479714507186,0.7335172483589523,0.011111111111111112,1.34,0.0,0.3712414420783331,1.28
110101110011001000111010010100011100011101001000001011100000,0.08987936392773585,14370.798358608337,0.5210232863320181,0.011111111111111112,1.04,0.003803693646635492,0.2261016565722679,1.2
111111001000010010110110010100011010000010001101100111011110,0.0702465780588658,15698.409398519021,0.7188906500406034,0.011111111111111112,0.62,0.020495046961996,0.26712637697737135,0.98
000000101010011101111110111101100010000100110001110111111100,0.08412173301852317,19396.139552619003,0.7396773734555037,0.005555555555555556,1.14,0.002395178521850505,0.41419454152351287,0.54
000100110101010000011011100100110000000000100000000001011000,0.1685836471934679,11720.693806475672,0.25178863721544326,0.005555555555555556,0.68,0.0,0.0954365579015612,0.52
100000110001010100110111101000010011101000110011000010011011,0.07903094773142229,15146.684263166535,0.6782739094573401,0.005555555555555556,1.18,0.010910966375959036,0.2165985239863398,0.66
101111101100111110110000110011010110010111110101001000010111,0.07500532118130318,17801.754494430097,0.7475748522105929,0.016666666666666666,1.04,0.0,0.3113802722846731,0.88
110110101111100110110101001010100110100000011000001111101110,0.1345807345013425,16477.151370631254,0.6118917332286615,0.005555555555555556,1.4,0.03320003602425595,0.3093642276311307,0.9
111000010111100111101100010111111100011001111111001010010001,0.06648068841124516,20240.58535957909,0.7574475027281958,0.016666666666666666,1.26,0.0,0.3265391030767842,0.92
001001001010110010110101111000110101110010011011110111111011,0.1100700188524101,18219.656973682173,0.6771031990109095,0.011111111111111112,1.2,0.0,0.36026221770439415,0.82
010101111000011010001101101101100110011101010100101111001001,0.123111850822545,16516.620856957772,0.52879263970959,0.005555555555555556,1.2,0.0,0.31281384154230646,0.96
011010111100100001000101000110111111010011000111101000001011,0.1545124293041811,14688.215562493808,0.5160783101334749,0.011111111111111112,1.0,0.005930694810734299,0.20490243981949327,0.92
001111101011111010110000011111100001000101100010111010001001,0.088462030470774,17247.847569831643,0.6763625583881103,0.011111111111111112,0.24,0.044953234410182424,0.33173831703650347,1.34
101101100101000111011110101011101000100110110000000001011010,0.0693712349676465,17100.32945463666,0.7235886663860807,0.011111111111111112,1.14,0.0016822660120895672,0.27191750799595893,0.92
101111000100101001101010111011101111010011011101100010001001,0.08289988040933424,17895.735666532033,0.688074598662562,0.016666666666666666,1.3,0.002476995089498557,0.3005201575095969,0.66
110000000101110011100111110011011110101010010111000000100101,0.08155420488713903,17666.97363627551,0.7009947708299583,0.005555555555555556,1.32,0.007166431802663326,0.32785082507279156,0.96
110011001111110111101011111010010001001111110001000001111100,0.07863969329719699,20367.585255654794,0.6461844924861326,0.016666666666666666,1.4,0.0,0.3966855005734213,1.12
001110100110010100010010101101011001000010101100110010110010,0.11713532557015477,14525.635288852563,0.5659894347377084,0.016666666666666666,1.06,0.0,0.2180457776743896,1.06
001110111011000011101000011101111011111100110101110001110111,0.07669507828971744,18091.352225707495,0.7351845730282175,0.005555555555555556,0.6,0.00651679140643005,0.33065993326545934,1.42
010000000101110011010000010111001011010100010000101101100100,0.11016321185846101,12894.03073518848,0.6000168244290381,0.0,0.4,0.0,0.18177537973380187,0.82
111011100101000101101001011100101011110110101101010100000101,0.08791185375799601,16042.553628130961,0.6758331881685826,0.016666666666666666,0.7,0.014396760011865212,0.23508228797215508,0.74
001000010010010110000011111110000111001111010101001011101000,0.14230686729643438,15339.483617739163,0.5708392615575841,0.011111111111111112,1.02,0.013427770344954904,0.26601601537784425,0.66
110001100100001000101101101111011010111000100010110001111101,0.11445930726713693,16202.69568227677,0.5287994403689799,0.005555555555555556,0.88,0.0,0.26352393544322694,0.92
101011011111101100011101100100100101110110011011111010001110,0.10818314043823155,18591.948987239863,0.6637015014601966,0.011111111111111112,1.2,0.004534441952603135,0.3626903995696682,1.2
001000000010110011000111011111000001111001110000001100011000,0.10333626914401274,15874.180597306966,0.5043507537246208,0.011111111111111112,1.32,0.024186649112787895,0.3173573655134311,0.3
000110101011011000010110000001011110010101101111100000110110,0.11023661408403662,15205.386420198996,0.5520762934443172,0.016666666666666666,0.82,0.0,0.239362404716099,1.32
110110001011001101100000100011010000100101001110010101001100,0.0849561216625567,13346.164516029194,0.69777742203888,0.011111111111111112,0.88,0.008998967081319198,0.16638600039734028,0.72
011100011111000111100011110110111111101101100010100001111101,0.11897299417195918,19558.708284857166,0.63835188704535,0.011111111111111112,1.28,0.0040420182204900235,0.389867159399643,1.1
011111100100001010000010011111001100010000011111000101100111,0.09104951079512077,14371.944853750589,0.6421949408256739,0.005555555555555556,0.52,0.0,0.2479862839011299,1.24
100101010100100100011101011010000010110110011000110011011001,0.14788018117194485,14503.073196285277,0.5329322452055153,0.011111111111111112,0.94,0.0,0.18933597311466083,0.94
000111111101010011101001010110111000011011001110010111000011,0.08001417439869574,16963.159741587293,0.7304892220474939,0.016666666666666666,1.28,0.021219010640196878,0.308335317228098,1.32
101011001010111101100010100100010101100101110100001000011110,0.1365717506842332,15991.070095558915,0.4699751733744872,0.011111111111111112,1.18,0.002153024452184543,0.24253224836324208,1.24
011010000101100101100010111011000111101001001110000001000000,0.06594425765318834,13602.3883698442,0.706146495773383,0.011111111111111112,1.06,0.0,0.15966721149508684,1.0
000101101111000010101111010001101000111001110010001111111111,0.11447082608878878,18501.059886590658,0.5468649602149377,0.011111111111111112,1.22,0.009954049183765523,0.3657220563104843,0.92
001100100001110000011111011101000100010111010000000110100010,0.09500352421837077,15690.414835636238,0.5392210428997182,0.011111111111111112,1.12,0.003999494370555162,0.27707491361026937,0.48
101101000011110110100001001101011110000000101110001000111011,0.06862845372133769,17114.777115265715,0.6689289442110059,0.011111111111111112,0.82,0.028813084289283725,0.3329041715229794,1.0
000011100000100100111001000100000010000101011110100110000010,0.1002180674869346,10944.230511092097,0.6125827198755577,0.011111111111111112,0.72,0.0,0.053863669189752716,0.58
101101111000000111001100101011001110010110000100010100001111,0.08493143324562283,15222.344032095336,0.6654404410057768,0.005555555555555556,0.76,0.0,0.18643568303337454,0.74
011011001001111111100110010010111100000011101011111111011111,0.07697842506319719,15786.978167400532,0.766279951307171,0.022222222222222223,1.12,0.0,0.4242835208704344,1.04
001110110101001011010100110111011110001100001101001101010110,0.10688611978678933,17059.367857583355,0.6591047906081352,0.005555555555555556,1.38,0.017458512554244382,0.29876001464132057,1.1
110000011000011001010111100011111001000101011001111010000110,0.14142109191797841,14998.598707825407,0.5068557164880824,0.011111111111111112,1.62,0.0,0.26518392311548095,1.36
101101111011110001011011110000001110000101001001110111111011,0.11724636797273615,18968.894943888063,0.6019800148937591,0.011111111111111112,1.14,0.020945295929003432,0.4196136730898113,1.26
110101000001110100010001111110110101011010010100111010000011,0.09814523085821178,16139.462302825155,0.5731811580013442,0.005555555555555556,1.04,0.0,0.2635449806438398,0.96
011011101011110100000000001001110101011101010011011110011100,0.1384437108298785,15192.645145906916,0.5205064952813169,0.005555555555555556,0.34,0.0,0.24294775958797196,1.28
001100101110110011101001110111001000001010000100011001001011,0.0642946085304849,16531.380420235862,0.7194601346838075,0.005555555555555556,1.42,0.015527986676470984,0.2944910444345532,0.9
100111000111101100000110111110100000011100000011110001010111,0.07780007959865187,16994.79677921953,0.6450708618862038,0.0,0.82,0.018153924716907466,0.3084101947866581,1.1
011001011100011111111101111000001011100110100001110101100101,0.04979280157902494,17775.349068357664,0.7919507932537837,0.011111111111111112,0.88,0.03913516255443303,0.34730106951872075,1.22
011010011110011101110100001101101000011001000101000001101101,0.07057762250790932,15537.074336937698,0.7256807737725786,0.005555555555555556,0.78,0.02695540458957918,0.2366886563858351,1.6
010011000111101110001110000101010111110111001001010000010000,0.07302192770965185,15953.573735310956,0.5706020865661698,0.016666666666666666,1.46,0.031616679743187937,0.310807933132879,0.76
110010111001100001110010110110100011100000000011101011010010,0.11981365970379447,14640.58123907953,0.6203005369263508,0.0,0.82,0.0,0.19631631602180769,1.46
001011110100101000000010110110010100001010101001100001011011,0.17934307901942453,13131.88136739976,0.4632223502348916,0.016666666666666666,1.32,0.01436040324503271,0.18438136343671205,1.06
101000000010000100000000100101100001101111110011110010111001,0.10626487146846259,11521.538500309158,0.5988096147489785,0.016666666666666666,0.52,0.009055507749237468,0.1507221673480765,0.62
001011000111000011111111111011101110000100100010000101110011,0.07664447583841882,19678.720568999885,0.7232451673230841,0.005555555555555556,0.96,0.0,0.41442825978698306,0.96
011100100011111000001111101010101001010000001011001010001000,0.12234413437942143,16444.655844310924,0.360017623933548,0.005555555555555556,0.68,0.01568022128810337,0.3061247480934851,0.96
110110010011101011011101001110000010100010111001100110001110,0.06904480985503926,18447.936247940328,0.6717362379996863,0.016666666666666666,1.24,0.0,0.342386933616119,1.08
110111010110000000000101010110010001011110011100000100001011,0.1535493414060532,12667.892403113026,0.3539734299598168,0.011111111111111112,0.8,0.04779018394427806,0.1727267997987851,0.92
001110010000101111001110011010001100011001011100110111001001,0.08499981023786524,16643.662582716563,0.7210845362989268,0.011111111111111112,1.08,0.0,0.2747951974177513,0.78
001010100101000010110111110001101010011100101010100101010110,0.11657112767829834,15534.35795086656,0.5614446246242532,0.011111111111111112,1.08,0.00223630092589322,0.248816532138396,0.9
011111011101111110110101011110100110010001101001010000010011,0.04666788006899651,19372.729204356485,0.7754958226309375,0.016666666666666666,1.34,0.024296804068765915,0.37101030169055554,1.02
111101001000101111110000000010111001010010001000010100010010,0.04184015347982109,12787.231506207983,0.7306438873356409,0.011111111111111112,0.24,0.0,0.06897813216340576,1.14
001110110000111101011010101011001010110010110101111100001111,0.09870701727786241,18277.078783946126,0.7015951072099618,0.011111111111111112,1.5,0.0,0.3411529614374505,0.9
110110011010100001100001110010100011001110001110001111101010,0.13141402939213234,14246.237894051173,0.5662248650886104,0.011111111111111112,1.12,0.0,0.23977024642451092,1.28
111011100111000010001010000111000100110000101011011101110010,0.10838938241314715,14373.784204041105,0.5308801097868365,0.011111111111111112,0.86,0.019496160887866237,0.2213972068070734,1.0
110100100110000010101101101100101001010110110111001111000110,0.11524772895558034,16108.584178225592,0.5759960038125702,0.011111111111111112,1.0,0.02907390466472251,0.31325441215878846,1.04
011001011101101100100110101110110100101101001101010111000100,0.08289566041360663,17132.84935121274,0.6876837213865715,0.011111111111111112,1.4,0.0,0.28748540050167193,1.5
011001100000010010111010101000111011101101100011111000101001,0.11936212453952343,14648.266837849116,0.5868443484080136,0.011111111111111112,0.6,0.021317153751340856,0.20397839769622136,1.1
010001010111010001100011100011001000110011000100001100011111,0.10862399734236768,15470.791716447951,0.5586391752429188,0.011111111111111112,1.16,0.04022961127208488,0.2777012976423662,0.7
111101101011111101111001001010100011111110011111101001101011,0.06553904513060713,19701.420613734586,0.7670796710166942,0.011111111111111112,1.38,0.013270105126385767,0.3697740155415269,1.0
111010100000100000010111011110001001101110111011110000000001,0.08376542824402687,14315.704401745372,0.6632031857688696,0.016666666666666666,0.86,0.0,0.1486295241690997,0.74
010100111100110101110000100111101101110111000110010101100000,0.07425803361914543,14624.64540816312,0.7419877058413314,0.011111111111111112,0.68,0.030793286849044532,0.2041165336771762,1.2
011010001000010100111100110110101110110101100001011100101101,0.07921170534799249,16318.822687432843,0.665274603159903,0.011111111111111112,0.9,0.031102039284217536,0.3040930688827211,0.98
100100000100000111100000100110010101011100101010100110011100,0.06079213402071827,11984.197549597717,0.6507099330820989,0.011111111111111112,0.3,0.0174093991966989,0.0918700379866281,0.48
110101110101001011010011101011010001011111001010000011010111,0.10484420555145414,16940.978077877397,0.6149657092960509,0.016666666666666666,1.48,0.01688624954331419,0.3092661450278601,1.18
001001100100010100101101100000101000000000110110110000011111,0.12027907635884583,13416.14779290072,0.5123740464610086,0.005555555555555556,0.88,0.036530457470948186,0.13264823205543547,0.64
110111111010111100111110010100110110111010111110110100110001,0.0883062858029414,20349.912286926134,0.7128524821182851,0.016666666666666666,1.42,0.02133753836458485,0.3994037023698445,1.2
001011011100000010110011111101001100011111000100010110110111,0.0817054215197576,16158.966707950822,0.7075935468399267,0.011111111111111112,0.84,0.0,0.2611183863614614,0.5
110110111011010100001001011101111101111111010000110000110110,0.10982011735716307,18040.55357893806,0.5918836891083703,0.011111111111111112,1.56,0.0,0.29446486193328003,0.96
111000001010111100101101010001001110010001100101110110000001,0.09576789743465076,15870.13289979984,0.6025514862985573,0.011111111111111112,1.2,0.011729655499172847,0.28102349935265236,1.22
101101011110100110111000011111101001100111111111000010111111,0.053739031244428956,20360.81532301501,0.8009681887153249,0.022222222222222223,1.02,0.0,0.36119096254231525,0.98
011101000001110100010100001110111011111101111101011110111000,0.08992594424473715,17376.715852397836,0.6825590631363933,0.016666666666666666,1.02,0.0,0.2830667271174094,1.26
010111010000100101101010001111000010001110101110100110000010,0.08329696961205951,14399.843572428514,0.6986860454555138,0.016666666666666666,1.2,0.0,0.1388999696252335,0.94
001011110001011000011011010000111110010101000110000110011111,0.12904442606437416,16426.119372487916,0.4091833329124671,0.005555555555555556,0.82,0.01755044871851391,0.30876672070649375,1.14
100111101111001001100101101001101001011000011111110110111111,0.10022042374749165,18155.424004941953,0.6984541435063342,0.005555555555555556,1.42,0.0,0.35505284542102966,1.38
000111100000111010111100000101011101010000111010001010111110,0.12093855523669825,16534.2909563127,0.5737958631424777,0.011111111111111112,1.1,0.025311308132951515,0.3194666293236713,1.3
011101000110110101010000000010101010110110000010110110100111,0.10793831168868438,13260.156833572808,0.6281710930746194,0.005555555555555556,0.4,0.0,0.18717389202039628,1.48
110101000111111000011110000110010010011111111100011111110011,0.10314193039154099,19275.86914424461,0.5960457554181368,0.022222222222222223,0.88,0.0,0.4498263957260128,1.34
001110111010011010001010001011111100000011010001100000010101,0.11372663166959145,15780.660717688526,0.5309247251631373,0.011111111111111112,0.92,0.021380954477874525,0.24654622102997026,0.86
011000101011001010000010100001010100100000101100010100001010,0.1921879393189147,11353.067427078473,0.3594860079796541,0.011111111111111112,0.94,0.020276299591091257,0.15207962144919468,0.88
110101001011110011000111101111010000011010011100100110000001,0.08366022204252206,18155.346718121196,0.6845070037556658,0.011111111111111112,1.26,0.0,0.32813319005412517,0.86
001100001011011001110101010110110101010110110011000100010000,0.11333850392193298,16161.809119753409,0.647230520843061,0.011111111111111112,1.08,0.007617542714514758,0.26908724942674106,0.96
011111001100010010010010011010010011111100011001011010011000,0.09899175784376915,13008.211285915653,0.5849054719690262,0.005555555555555556,0.36,0.0,0.11654093050827499,0.96
100110010000000010100101001001000110100000011000000101011011,0.1273144460839798,10541.190172507826,0.413078693624623,0.005555555555555556,0.74,0.0,0.17348917164521027,0.36
000110001110000100100000111011111000111100000100111000001010,0.12755435990958963,12071.571970577515,0.48973141671842446,0.0,0.62,0.0,0.12099134078049001,1.0
000111001001101001001001100010101110001100101010110010001100,0.14465588031078763,14045.02131302359,0.46376199847778904,0.011111111111111112,1.02,0.01922617537209556,0.18790870876224314,0.92
010101111110001011110100010010110111100100000101000010011010,0.06823968424164881,14752.39354234183,0.7163138532492181,0.0,0.64,0.015575162196786202,0.17930632255695117,1.02
011110010110001111110000101010000001000011011010001100011000,0.04870828501985571,14083.086717047072,0.7617547071942535,0.016666666666666666,0.84,0.03344801437656561,0.21284083768901194,0.62
101010110010110001010000111110011011001110000100010100110011,0.10673783785017352,15452.946724378146,0.5660615611067588,0.005555555555555556,0.78,0.021055473977844658,0.24169569549551384,1.14
110011011110000000011101101100010100000000100101001101111001,0.11947963962057692,14638.070502465256,0.48702993529495736,0.005555555555555556,0.76,0.0,0.23300009996885848,1.04
000011101010100001111101111001101101110001011011010001110111,0.09347519346942132,18484.030256783964,0.7130111670288898,0.011111111111111112,1.16,0.0,0.3696071321954613,0.9
001110110101100010001110101110010010101100110110000010110101,0.13860855048865736,16594.208226566592,0.4924903365628042,0.005555555555555556,1.4,0.0,0.2710530500173934,1.32
111111100100110111000010101101111011110000010110111010110100,0.0834139668752284,17506.627388657762,0.720286365356516,0.0,1.1,0.04393961566292537,0.2891476143861297,1.2
100001011101111010100100111111101101001100110111100100010010,0.08698744149574017,18221.0039926386,0.6870583959738686,0.005555555555555556,0.88,0.008824079050870764,0.34691334667368695,1.08
010110000100110100100110011110010010100100111101000010110001,0.098953441598254,14915.284724734855,0.5970034584914252,0.011111111111111112,0.96,0.0,0.2089880504664543,1.08
010011000010100111000100000011101110000011010100011111110011,0.09185926209711315,15077.05487244249,0.6715422310763446,0.011111111111111112,0.68,0.0,0.271726359745575,0.92
001000010000100100011100000110010100010101110000001110111010,0.09707612339151074,12842.385966217022,0.5301039246596146,0.011111111111111112,0.68,0.007657191279099418,0.19735796142163603,0.4
010010110100000110111001111101011101000001111101010011000001,0.06317760712318682,16037.603322601255,0.7740154307161935,0.016666666666666666,0.72,0.0,0.2636895925895948,0.66
000101111000010101101001010101000011011100100110001111100010,0.12658459988874016,13196.6603703275,0.5678635001700885,0.005555555555555556,1.0,0.004904991947752929,0.215476692892294,0.62
001001100010001000000111001001001011000100110110001101111111,0.13287919195868908,14278.890760238588,0.39978890702679054,0.005555555555555556,0.76,0.013231491022113795,0.26354126057872973,0.78
100011001011100011100000000010011010011001010010101101111101,0.16812645280244146,14081.872127268689,0.4598955873980687,0.005555555555555556,0.26,0.0,0.22329625553833748,1.32
110001001010100001100010110001000000001000110101011011010000,0.09166794044860728,11749.749623963193,0.5621769718228666,0.005555555555555556,0.84,0.0,0.17654889708852767,0.6
101010000010001010000111100101100011011001001111111011111111,0.11023293191599673,16579.164015721137,0.6148337447141021,0.011111111111111112,0.94,0.016155172553336566,0.31628423030485464,0.66
011101110000101011100110100001101011110000110000101001001110,0.15499767618310667,14499.84009359698,0.5352376863782002,0.005555555555555556,1.42,0.0,0.22420232492653797,1.12
001010011011100000101000100000010111011000011000011100010000,0.1507843914009008,10546.797184561903,0.2629583786117665,0.005555555555555556,0.48,0.013035270296200885,0.08853661117018494,1.14
111101100011000111010101011001011011101111100110000101100110,0.11792468929397368,17577.764994088044,0.6316144953589082,0.016666666666666666,1.36,7.813671659641364E-4,0.24767557082938313,1.26
001001111100000000001110110101100110010110100000111000101111,0.1433016390093132,14771.12225400924,0.4492273310259659,0.011111111111111112,0.64,0.0,0.23994178245196482,0.5
111001111001001011101000111110010011111011011100010100100100,0.07502399279491345,16908.275950699637,0.7356594234495966,0.016666666666666666,0.88,0.03495819885202786,0.2718528814375092,1.1
001011100101001010110110011110001110011000101100101001010110,0.07254267349947094,16497.488082172968,0.7081575348966469,0.011111111111111112,1.22,0.0,0.28900304946686906,1.28
000100011011100111010111000100101011000101000010010000011100,0.0833794344631355,15635.395601605602,0.6001266389671003,0.005555555555555556,1.42,0.0,0.2434272270387013,0.82
010001001111010110100100010101000101011100000001101001010000,0.09613360321417397,12748.56476816973,0.6031140418032548,0.0,0.72,0.020875555968787957,0.19243918136842236,0.84
110001111010101000101011010010010111100100100100101111000010,0.15953910979121572,14315.31372647636,0.37476329879534875,0.005555555555555556,1.22,0.0,0.26566045188220133,1.24
010111010011100111010101111010101010101010100100101011110111,0.06694694176648378,19732.047584065895,0.7515046855803458,0.011111111111111112,1.26,0.03830901509356244,0.41613688629873663,1.48
000111111010001010011001000010011011101111000011010001110011,0.12750380094047792,13921.455848232337,0.5500558405955032,0.011111111111111112,1.1,0.028773303045746906,0.2131622313711965,1.24
000010011100110010011100011100010010110101000010010110101111,0.1450697306266759,15037.216576523839,0.45842509130029513,0.005555555555555556,0.64,0.0,0.22482137990481849,0.76
110101011000101101100010000000000000000111100101100001011000,0.09742627719663306,10519.845298569817,0.48228192409697196,0.016666666666666666,0.7,0.024643179527319675,0.09033152945127762,0.82
110011010010011000001110101001000101101110010110101010011100,0.14585830073296852,15156.54991291005,0.4522595303552894,0.005555555555555556,1.18,0.0,0.23944487102007414,1.12
010110011101100100101010001010100000011100010110001001000111,0.14705256884237183,13261.74116526032,0.43310013985647655,0.0,0.56,0.013287759749915667,0.194244293956931,1.2
011101001010001011000101000101100011111111101100011110010010,0.12658394717299323,14918.066679553203,0.5632383452593485,0.022222222222222223,0.92,0.02027706968994683,0.23629747733175063,1.4
011011101101011110011011101100000110010100101010101010110111,0.08272552774651755,18337.363006086634,0.68980282265905,0.011111111111111112,1.24,0.06723238501521936,0.38043869878496167,1.34
000010100010111100110111101100110110100100001011110001101000,0.07329612329330375,16863.358435566737,0.7023901759354105,0.005555555555555556,1.16,0.024448579668242293,0.3037971528492639,0.9
000011000101100010001001100001100101000110111001001011111010,0.10312442568369812,13672.646822722398,0.4868388624223806,0.016666666666666666,1.0,0.020886396763197923,0.21411653589970733,0.84
011010001010000001110011000000011011110101101101111111100001,0.14232261448269695,12964.909348859197,0.5384497064134367,0.016666666666666666,0.54,0.0,0.14574256250382353,0.92
000010000010001100100001001001101000100001011111101111101001,0.1242535980117919,12510.886389039832,0.5988576759152889,0.011111111111111112,0.6,0.004308212748823592,0.20328588648222717,0.62
101001100111000000101110011000000111001010111010101000001101,0.11494025221962094,15120.615331234781,0.49681600639786705,0.016666666666666666,1.36,0.0,0.2133190376722966,1.22
011101010101001010011101010001111000110001011111010111101010,0.12982677502786777,16658.039585465773,0.6084260819067806,0.011111111111111112,1.46,0.0,0.2793556533048457,1.32
101010100100101111110001111110100011101011011011101011110100,0.05008901112220353,18497.62101543327,0.8101157562518463,0.016666666666666666,0.98,0.009896145759474395,0.36534903043300193,1.38
001010001111011110101101100000010111100000010000100110110101,0.142839906053752,15483.646147891342,0.4929974450912969,0.0,1.08,0.020768662130770638,0.3191909818584097,1.16
001101000010110010001101101001111100010000101010011101101000,0.09708083192392554,15845.533708299197,0.3166080129342509,0.011111111111111112,0.84,0.006678535980909034,0.30063708582136184,0.74
111111101100010000100101110011101110011001001101110101110010,0.14101488215482114,15656.785332485484,0.5617900265401339,0.011111111111111112,1.28,0.013916424028606572,0.2756577911304714,0.9
001000000110011110101001110101101111011110111110100010001101,0.07172515488634224,18128.908513514212,0.7111565729954402,0.016666666666666666,1.44,0.010326112058361508,0.3449578701883788,0.94
001111011011110011011001101000001100010000010010101110010110,0.10116290774228764,16585.56935215521,0.5901470227860132,0.0,1.12,0.01217502095540951,0.32446553178995685,0.92
010011101111111111100000010001000101111001111110110101101111,0.05753795516327627,17822.302030120914,0.779982660508999,0.016666666666666666,0.28,0.0,0.3601892739697313,0.92
110010011101001111100100100111000110010110011101000000101111,0.0582739905833065,16300.39998817511,0.7556571292292051,0.011111111111111112,1.26,0.0,0.2555421585512184,1.06
111100100010110000010011010101000001010010110110101001111010,0.10487666619832271,14658.382926028267,0.6192573244261744,0.011111111111111112,1.16,0.0,0.26082736912398585,0.54
000110010001001010011011001011010101010001111001110001001011,0.09817363457189872,14780.550841656826,0.5858449997515527,0.016666666666666666,1.1,0.0024520593154264414,0.2530082446070795,0.84
100101010111001000101011110101111111000001011101011011001101,0.11727476216169139,19160.651816865735,0.5756712274762614,0.011111111111111112,1.3,0.0,0.39398096658225146,1.08
100011111001000000011011100100101001101101101100001111100100,0.14904927590639105,14065.24149174388,0.4132512022903856,0.016666666666666666,0.82,0.034372427641542164,0.22852101003385447,0.8
100001101001101101010010101011000110000100000000100010100110,0.08450247897870679,13696.911447736933,0.6177024251584772,0.0,0.94,0.011772600943306816,0.18164702503283267,0.86
000110100111111000010111010111111100000010010011111100110011,0.10178683144979285,19645.02694059133,0.6429215557981797,0.005555555555555556,0.9,0.0,0.442030722895971,1.08
111001010001010101110111110010100111101110010001001100110111,0.09069913200290242,18022.128681347916,0.6217251514705343,0.005555555555555556,1.08,0.016340195818192405,0.35969778173660893,1.34
000101000011100110100110101110110101001110001101100100010111,0.100095722635184,17785.414042037617,0.640213700476042,0.011111111111111112,1.04,0.0,0.3038819732791183,1.0
111101100110100010000011001100010001101100011001110100101110,0.12024672120403872,13938.353643445118,0.51893157685489,0.005555555555555556,0.84,0.0,0.18738807517765327,1.3
101100100011010000000010000011111010110110110101010000000000,0.13717277940021141,10795.87307163225,0.43439267805781634,0.011111111111111112,0.5,0.0,0.0733889962697014,1.3
011100101011101010001110100100011100001110000001111111010110,0.10999758419459389,17528.7888222435,0.52313907680389,0.005555555555555556,1.08,0.0,0.3093392771983311,1.34
100001011100110101010001000110011000101111000110011101000101,0.10318855465358454,13622.955216079368,0.6606255614797298,0.011111111111111112,0.72,0.003086198570246751,0.17783327353827927,1.0
010001100011111011010100010010010001111100101011101010111001,0.09673209843184467,16190.90593364664,0.6667285735330161,0.011111111111111112,0.98,0.01025824608283013,0.2905521344617341,0.68
011000110110010010111111110010111111111101010000110000010101,0.12801315551996117,18484.643880641044,0.5594970328179186,0.005555555555555556,1.3,0.013678010941781865,0.3363604020839639,1.1
111111100010101011111001111000100011000110100111010010010101,0.05389978999694649,17842.427705190126,0.7690730153118011,0.011111111111111112,1.28,0.0,0.281971932791743,0.78
110011011001010110010111010000010111001010110101000001101010,0.10527785652933411,15142.123348756613,0.6502810745396742,0.011111111111111112,1.08,0.0,0.22098266211539014,1.3
011001101010000000000101100110000010001011011001011100000101,0.08679520822948553,11975.257255679277,0.45814278671920994,0.016666666666666666,0.74,0.0,0.10626625911068976,0.9
001011101001011101001100001000010111000011011011000101100111,0.10186748491135038,15468.837719818974,0.5676099210083956,0.016666666666666666,1.02,0.04202164918983628,0.25455273377171633,1.18
101001101101100010001001011011101101000000101101011110110000,0.08713991169654309,15603.787432477977,0.6198846645565076,0.011111111111111112,0.92,0.020364251874494033,0.24575884680912163,0.94
101001101111111110111100100110101111001100101010111001110011,0.06471704363149433,20596.50964875573,0.7377022095822718,0.011111111111111112,1.16,0.03866378454142849,0.43336426235384184,1.38
110101111001101110000101101110010110010001001010111111101000,0.09106017930569683,17606.328155473995,0.6370387098260657,0.011111111111111112,1.48,0.01816900447708608,0.319090668405174,1.18
000010100100100111101100011001001000011101011010000011111010,0.06831976228362677,14655.789312457646,0.7140929668625462,0.011111111111111112,0.88,0.0,0.20374632217689945,0.54
010000001001110000110100110011010101001000001000110101001000,0.15536971615063125,12259.647677977213,0.3359864273960572,0.005555555555555556,0.92,0.013957188813282173,0.2087270136291695,0.58
111101100001000010111001111111010110011010000010111000000001,0.07891478996537085,15956.519962083214,0.6462785009933543,0.005555555555555556,0.94,0.027461794180042798,0.273786014444656,1.04
111010000000000110011110001110100101000000011100001101001000,0.0953846890159577,13312.73305911765,0.6176001449572914,0.005555555555555556,0.62,0.02035352884351127,0.15949209258664204,0.36
010011011011000101101011100100010101000011110001000100010110,0.08790461449939334,16060.069684921184,0.5051017017016781,0.016666666666666666,1.18,0.02392151276056645,0.28766498160600384,0.98
100011100001000001011110100010101011101110010000010100011000,0.11564759655351228,13633.022728027554,0.4663030029695646,0.005555555555555556,0.82,0.024704111116178817,0.15797152763750907,0.68
100111101000010000101111110001010011110100011010100100000110,0.1763881955173281,14294.35496837425,0.4574972864774323,0.005555555555555556,1.06,0.0,0.20258992512475577,1.06
011000110011010000101110001001110011011111111011111000101101,0.09181173926640558,17615.93500083375,0.619985404360871,0.022222222222222223,1.28,0.0,0.30380278479697254,1.46
010111110100100001001110000101110100111101101000001000110000,0.16582653076992004,13395.83585029402,0.34038803091890857,0.016666666666666666,1.3,0.032140077899063674,0.20706179275778602,0.92
100101001101000000001111001000000000101010000111010110101011,0.13611004463721244,12082.444369450184,0.40472360819800246,0.005555555555555556,0.86,0.0,0.11061668447517647,0.52
101000000111000000101011001111110001001101000110000110011001,0.10863714494387558,15117.000116301382,0.5339581167864254,0.005555555555555556,0.84,0.0,0.2287051873502195,0.8
110010010111010111010000111010111100000111100010011101010101,0.0833055328284133,17854.69178084965,0.6867529989540782,0.016666666666666666,1.0,0.0,0.3010464461205271,1.3
100100011010010101100111010001000110001101110101001010110010,0.12268641178130839,15109.178173227978,0.5140205564514243,0.011111111111111112,1.32,0.018418530432048053,0.2508685296016143,0.6
100111011111111011000101011110011010110110001010100010000110,0.09317598201087282,18724.824465505197,0.6259483971484874,0.011111111111111112,1.02,0.0,0.34761407912672,1.44
000111100110011101110000111001101101101100101001010001000010,0.07486828952581492,14825.48167873444,0.6606053472001525,0.011111111111111112,1.18,0.03558347302537032,0.22708348288283334,1.02
111010010100010000100010100101000001101100011001011101111110,0.17749536242885014,10868.736185091611,0.43107021461859574,0.005555555555555556,1.14,0.027522086953910757,0.1834819529059594,0.8
101000100100111010010000001001000100001101010011100111110001,0.17582792268425657,11315.797069316814,0.5031891656507064,0.005555555555555556,0.3,0.04660058805030648,0.1657812165278186,1.04
001010111100111010100011110011011000111000011111010100001010,0.08475088708842049,16073.93052769576,0.672602750840626,0.005555555555555556,1.64,0.0031713688616282765,0.2963300361119966,0.96
110111000111010110111101110000100101011011000110010011101110,0.14270160335777224,17454.93525112395,0.6374381765453141,0.011111111111111112,1.54,0.0,0.3347407869896695,1.08
001100110100001001010100010010000110101010101011100100010100,0.10524309902426206,11581.083731157803,0.6053188342616415,0.016666666666666666,0.38,0.0,0.04655861146869831,0.78
100100010010000000110010010100111011101111110110101010010010,0.09905939778606682,13767.626915176112,0.6333169490230299,0.016666666666666666,0.64,0.0,0.1911304578036137,0.76
110110110110000100011101010011100010100000100101110010010110,0.10692702841904306,14864.85090791835,0.5708296185343598,0.005555555555555556,1.06,0.0,0.1495713865241163,0.86
011011001100001100011111011000110111111001000110110001111010,0.12258030510932291,16287.42424355384,0.5668150789158989,0.005555555555555556,0.9,0.0,0.2882639061165587,1.36
101101110100111101100101010100001110001101100100000001010110,0.13242643402306617,14891.47619626228,0.5117776751132757,0.011111111111111112,0.96,0.0,0.23338432471066617,1.02
000100010001011010001110001111110101010100111110011101101101,0.11729080076396949,17770.164080740324,0.6060544142862192,0.011111111111111112,1.14,0.025934025595243493,0.35581949905116106,1.02
111001011001010001111001101111010010101000100100101011111110,0.09582647795737903,17587.45617079926,0.6608293107922979,0.005555555555555556,1.0,0.04053126982585156,0.3672388384997089,1.16
100000011000101110011100000000100001111111010111101100000000,0.09502000570120936,11865.721222462611,0.6261597398688268,0.011111111111111112,0.64,0.04065679468896202,0.14185641670446597,0.66
101010011100001000010101100101001101100101000010000001110011,0.19517691825924538,11586.431194117262,0.32875550326308384,0.005555555555555556,1.16,0.03148174716694563,0.14025378664918714,0.82
111111100010000000101000010010011101111011000000100000011111,0.16445359741872023,11784.422750955911,0.3390789230664531,0.011111111111111112,1.02,0.0,0.14504397078394748,0.88
001000110111011110011000101101111110100000000000110100011010,0.10657722872269221,17136.52083122052,0.5910044423336379,0.0,0.96,0.0,0.27378784051044913,0.8
110111101001110100010011101001100101011100001110010111011010,0.12674760790210815,16189.862911660763,0.5068580264199303,0.005555555555555556,0.86,0.0,0.30147813452405614,1.3
010010100010100010111010001000101000011010011111010100011000,0.10055597745660874,13748.337070323147,0.6587541939590476,0.011111111111111112,0.56,0.038889081297820205,0.20790589392757436,0.88
111101001100010000011010010000100111011111101100010101001000,0.1527886642672624,12535.48026171972,0.3632759384206635,0.022222222222222223,0.56,0.002476995089498557,0.10732259866704366,1.12
110001000100110101000110101100001001111111001111000101100111,0.1825914941266062,15391.053801890728,0.5399276805603963,0.016666666666666666,1.16,0.0,0.22716754907194744,0.98
